line,bins,fitting_window,bin_width,mu,sigma,c,d,A,mu_err,sigma_err,c_err,d_err,A_err,exact_mu,deviation_in_centroid,A_over_A_err,snr
93,50,3,1.2244897959183731,92.86399365007345,1.9942167235157684,-1438.2999999999997,386488.2306108561,236643.9856232433,inf,inf,inf,inf,inf,93.311,-0.0,0.0,1729282.664363366
93,50,4,1.2244897959183731,92.85453147491513,1.827729681025051,-1247.4867941229727,373561.98325695656,196189.4575102059,0.16945450759271538,0.28134598989349785,710.6434115039528,67447.3811506604,49539.58408752178,93.311,-2.6937526275901527,3.9602564519636902,1574548.6082032628
93,50,5,1.2244897959183731,92.90864327549302,1.0000000000000002,-1041.179224599185,370014.9798138599,23244.309856992993,2.478311596069558,2.4882175019381974,2029.480694240105,189065.4093901028,64329.01536226011,93.311,-0.16235114468459041,0.3613347682394301,541971.0853352809
93,50,8,1.2244897959183731,92.84330845213692,1.0000003823925865,-452.7125194423022,310949.9671657207,8250.90424603893,6.86713481072859,6.826097551526298,1148.8293828705123,107100.48144568304,57789.60626437858,93.311,-0.06810577639052669,0.14277488253324153,322899.6394551098
93,50,10,1.2244897959183731,92.82315722199485,1.0000000000000002,-280.5616892354658,291147.11098538566,13476.771683837309,3.701261273096218,3.650248524932021,676.1079833237078,63083.3088564688,48609.03424244461,93.311,-0.13180446934432816,0.2772482912665978,412677.07503735763
93,100,3,0.6060606060606091,92.87279363245773,3.51892609448182,-657.1485812909204,149538.63660672161,529194.9811571358,0.5223515779265353,2.7042313963338516,2154.041177597648,243327.84732098732,1126892.0574718458,93.311,-0.8389107759217085,0.469605742314283,1819309.5473480155
93,100,4,0.6060606060606091,92.85035447656105,1.9304037685114428,-657.15,187350.09412580187,108685.3112821601,0.08084590279654241,0.14804610858081768,192.4546785201403,18375.70063456358,15188.651237740029,93.311,-5.697821503684865,7.155692074363,824487.3678482402
93,100,5,0.6060606060606091,92.71291078755797,1.9114057022907722,-267.3027001865922,151320.15857586378,107131.09574610186,0.06557613301977663,0.09374257082220369,107.1192307766541,10181.573457117882,7706.30804321054,93.311,-9.120531890187245,13.90174064485875,818570.9941266952
93,100,8,0.6060606060606091,92.64806062998686,1.9048842925676315,-125.25749288717586,138300.31882816323,105996.2175002102,0.056327575673897776,0.06518670725542414,44.8652027147586,4209.939363662432,4108.09704932945,93.311,-11.769357407660545,25.801780295699583,814223.7384266346
93,100,10,0.6060606060606091,92.62443339862395,1.9554503675951103,-84.78718903710501,134153.12020088147,110135.75521446303,0.06201271638125595,0.06947954505715342,36.43043405736811,3415.208732569813,4197.670173377089,93.311,-11.071384087660768,26.237353261572995,829970.6723998181
93,200,3,0.30150753768844396,92.80962417281825,1.9744195745548145,-272.99999999692534,87912.74093688393,56662.80948274013,0.4184198521183053,1.0303715448597361,733.5073413938737,72176.02200340065,67536.66102892673,93.311,-1.1982601318830357,0.8389933499743317,419892.8529719229
93,200,4,0.30150753768844396,92.82715051987043,1.822876897375094,-272.9999420088386,88748.82454928503,48964.43325908825,0.14059026060173244,0.23365790366951966,157.9635550108965,15027.09981636409,10631.210870966841,93.311,-3.441557601918378,4.605724959591103,390328.0494615082
93,200,5,0.30150753768844396,92.75826346664506,1.9283249678098053,-178.31084437087594,79377.26895905756,54223.24624866491,0.10813958366830684,0.15925490070071674,92.3477567799869,8771.45424504314,6771.369921833724,93.311,-5.1113247767842065,8.00772175713315,410754.35538117005
93,200,8,0.30150753768844396,92.65810242203865,1.9113885113383255,-66.77455480956466,69187.17925964223,52993.21934081897,0.07958194934913719,0.09269203818270919,32.6634821818015,3065.6147763390154,2939.3663178137576,93.311,-8.204091295841488,18.028790429984337,406068.74607319763
93,200,10,0.30150753768844396,92.62895156619236,1.9507309586063473,-40.13739687516278,66572.52332310626,54546.367300429294,0.07885860392648203,0.0881911012391805,22.67308971927974,2125.25689976694,2636.403734507709,93.311,-8.64900467225502,20.689686707113786,411976.3955834364
93,400,3,0.15037593984962427,92.85318474165459,2.38073726815639,-156.99999994229245,43696.745257713694,46530.596942534576,0.4363236204014216,1.2907475030237459,403.52628046433887,40195.10557250352,61681.68208034788,93.311,-1.0492561872406214,0.7543665375714435,268719.18599865097
93,400,4,0.15037593984962427,92.85194979187368,1.8242258582448667,-156.99999999999997,46189.85309531499,24530.606949536257,0.14070465781225452,0.23840637682082336,81.14106440856024,7706.472990222394,5515.665989195161,93.311,-3.2625089692400193,4.447442429906045,195111.6370575185
93,400,5,0.15037593984962427,92.75131956716542,1.9020219266437628,-85.43501750020944,39322.644951140486,26514.24477934657,0.10382411192483965,0.1498569883196165,43.429974984447185,4120.768496705557,3095.594989421108,93.311,-5.39065947647832,8.565153022264345,202847.04952553843
93,400,8,0.15037593984962427,92.67174219831219,1.8969959597610226,-40.1018561406453,35154.06808705274,26254.479391796955,0.08778757750514105,0.10187771833162174,17.8563312549662,1675.1001697481743,1603.825050826472,93.311,-7.281870850695049,16.3699147723548,201850.9335946903
93,400,10,0.15037593984962427,92.63100636447633,1.9509255921984605,-21.113997682188213,33293.568118480376,27320.23442826345,0.0874188517911302,0.09791091502263813,12.77693240233225,1197.6683736680131,1469.796592334454,93.311,-7.778569743153122,18.58776552534468,205907.08052876758
175,50,3,1.2244897959183731,175.3923945968192,1.250649402672791,-1562.686768456975,398342.47399453126,82964.78345659106,inf,inf,inf,inf,inf,174.956,0.0,0.0,726753.2193441974
175,50,4,1.2244897959183731,175.4015863931306,1.3580201947079622,-1664.9545206225205,414237.10175577743,95922.97630493763,0.03771447614491139,0.04966091942716822,126.0214617817082,21860.150127805515,4684.624314458032,174.956,11.814731070863138,20.476129966045107,781450.3836903538
175,50,5,1.2244897959183731,175.37291231190576,1.392652968855172,-1514.4696969143495,387364.5198966203,99490.30166114311,0.04607053759085699,0.05465393790455087,101.21085314196702,17643.08205341385,4581.11232168502,174.956,9.049434491263998,21.71749886816761,795848.6102344025
175,50,8,1.2244897959183731,175.35241695586,1.42510986216562,-1417.7612931520055,369980.26388032356,102778.17954670911,0.046513920984432335,0.05150702200961714,57.8895361523833,10118.337498778557,3899.0304101895454,174.956,8.522544379621214,26.359932786908608,808892.0199369262
175,50,10,1.2244897959183731,175.3238089116844,1.3804636982756688,-1253.8878404710135,341884.1412212045,98012.96894812028,0.07963780365584397,0.08551950682511644,66.08962242703697,11564.268045006253,6014.7890346451795,174.956,4.618521541275957,16.295329459365185,789917.7255351491
175,100,3,0.6060606060605949,175.34268799434153,1.0467581728164184,-416.07430183760897,136036.00204973758,32491.652405434364,0.03910720964268438,0.05735109862189625,137.4800238902651,23776.30968891054,2801.0713050125496,174.956,9.8878952979423,11.59972341556967,319967.74530905735
175,100,4,0.6060606060605949,175.43573176992803,1.2683558338133347,-862.6966834198352,211951.9693269256,45906.40489793458,0.04482074067590799,0.0593561042484898,91.00975294827853,15776.093373609127,2920.0131096847176,174.956,10.703343199901694,15.721300957751943,380326.87256191723
175,100,5,0.6060606060605949,175.40982577004132,1.3049345370302363,-781.6985634507965,197472.66107516384,47806.89392209243,0.043443369882358224,0.05169384490502133,55.9729230330518,9752.550927815992,2230.098019005522,174.956,10.446375851373045,21.437126760648475,388119.6579368419
175,100,8,0.6060606060605949,175.3821084427802,1.3411965675308668,-703.7089235314136,183543.64822159454,49646.764784237625,0.03804178804331797,0.04169377946248629,23.97544200641662,4191.193962147581,1589.0993319182132,174.956,11.20106242890086,31.24207768957316,395517.6393644599
175,100,10,0.6060606060605949,175.36193129117328,1.3136267238592427,-638.5146647394748,172317.35373837643,48165.16091152471,0.04849083535327796,0.052033966164698305,22.598066203666527,3953.491798048939,1887.5558485253316,174.956,8.37129919944446,25.517211026711678,389571.236731855
175,200,3,0.30150753768845107,175.34624770898063,1.1082744602680628,-275.07804852954916,79292.78579787239,17854.369162217852,0.03828443932544175,0.05595057547972176,61.836164252814015,10694.052502657218,1414.1313525507842,174.956,10.193376626552837,12.625679453335412,167295.11517962118
175,200,4,0.30150753768845107,175.40436081227278,1.2517311992043552,-406.45821188643583,101561.27784920213,22231.26420022986,0.030974534227513197,0.03991806261124254,28.942731837423384,5026.152380964394,929.3388097574282,174.956,14.475142999068517,23.921592391081315,186678.01400543758
175,200,5,0.30150753768845107,175.39309240395883,1.2951899557512714,-388.9684993605714,98321.31189084084,23396.762766173397,0.030062178376756267,0.03607240589984141,20.195242618967676,3518.184765375025,776.4461218631615,174.956,14.539611816580729,30.13314395856661,191508.91353916685
175,200,8,0.30150753768845107,175.36701009982164,1.35436877757199,-352.75044467749655,91760.6080182051,24916.326677733934,0.038701508862316006,0.0425770310200728,12.494730429703761,2184.121196146703,812.2065165024176,174.956,10.620001956095734,30.67732919089399,197630.11835194108
175,200,10,0.30150753768845107,175.3426592468374,1.3194709314119875,-314.86480011052555,85244.33891510473,23994.595171028035,0.04795046433429804,0.051428890804635155,10.888498438866655,1905.0819597498717,924.4281979621593,174.956,8.063722681426485,25.956148053383195,193940.1940800454
175,400,3,0.15037593984962427,175.35141381571594,1.1460102579866185,-136.78690668691561,39371.05030772033,9497.296085120692,0.06496255019331362,0.09532740727442165,51.06500678331734,8827.887983778348,1246.8630640341262,174.956,6.086796385598997,7.616951980591153,86168.8681454431
175,400,4,0.15037593984962427,175.4057625517893,1.2644642957108152,-200.29840648135158,50187.74565728149,11351.27256303772,0.05011626032737627,0.06558343210518781,24.44320205947015,4241.705838724925,788.0542679554364,174.956,8.974383739954249,14.404176240917995,94204.75298848508
175,400,5,0.15037593984962427,175.39489049458444,1.2851541547082383,-192.24721114209274,48733.83048627828,11632.398109199074,0.04392881765800743,0.052371537442720044,14.542778636997319,2534.0982759351473,559.7166924368373,174.956,9.990947127265876,20.782653557382982,95364.15871287035
175,400,8,0.15037593984962427,175.371700465933,1.3563835609807318,-176.8546055248994,45907.621377218784,12550.827330047652,0.04576166505353349,0.05031387660613901,7.348218867368921,1284.4952300020277,482.19449799029,174.956,9.084032791348701,26.028557734187146,99057.36450466217
175,400,10,0.15037593984962427,175.3489044405037,1.3141161592437203,-158.3945393189923,42747.416400265545,11992.40923522293,0.049356286843600064,0.052963116963167516,5.72090885403174,1000.9032447859014,478.1935406367845,174.956,7.960575351803645,25.07856801924444,96828.6300565381
198,50,3,1.2244897959183731,198.60563193840275,1.3765288198463432,-1653.402817432667,419087.82494425727,91298.36537031893,inf,inf,inf,inf,inf,198.394,0.0,0.0,664428.2474621044
198,50,4,1.2244897959183731,198.61300920091617,1.3578404655876852,-1691.2893523260664,426915.309948991,89229.03568062709,0.013598412626985492,0.018278323388683404,45.21424542251605,8851.11598393976,1652.8565079622354,198.394,16.1054975256117,53.9847441388819,656855.2635701983
198,50,5,1.2244897959183731,198.56584285273163,1.3938447787039838,-1456.1522395735344,379775.6153048813,92590.52607210047,0.06473337926343767,0.07756427273338007,134.69210884694263,26523.936583737464,6100.147792408966,198.394,2.65462508966666,15.178407019469311,669113.6090256581
198,50,8,1.2244897959183731,198.5365144013309,1.4573533977138282,-1335.5317669951319,355060.1508615792,98589.56810185975,0.06405210969786321,0.071269751449255,74.23081948703658,14666.999039757642,5097.500737272578,198.394,2.2249759141913095,19.340765834711814,690449.745231233
198,50,10,1.2244897959183731,198.52667696681917,1.4669439039429444,-1294.7598783944047,346862.70789237646,99447.81612918254,0.05495770003488064,0.05936615490126811,42.30935975526221,8369.842391198146,4028.7744011208774,198.394,2.414165198597358,24.684384437489072,693448.5069395206
198,100,3,0.6060606060605949,198.7136300847912,1.3059812703170066,-1288.379191155688,300179.777043568,46766.08016460262,0.07360742436913607,0.10365738727588349,330.77746415505095,64391.00730278165,8014.627243713899,198.394,4.342362031148696,5.835091108108939,334551.03136583115
198,100,4,0.6060606060605949,198.59733960363485,1.2390304733424264,-772.6245493794801,198991.83654545512,40300.696563353755,0.03466323170971667,0.046067856919302694,67.4465848586242,13217.71805683382,2057.5435508397195,198.394,5.866146738356353,19.586801235340236,310565.4375812309
198,100,5,0.6060606060605949,198.58741077499954,1.2954031091127058,-751.0635589665555,194296.3056769177,43080.872347798235,0.038885253039702715,0.046609329558341676,46.570407604923275,9169.736390601105,1837.6122254713691,198.394,4.973884953302428,23.44394086556944,321099.10940733383
198,100,8,0.6060606060605949,198.5439400441624,1.4007080425028218,-653.3582652522214,174251.7630359523,47930.11250529049,0.04999249215857578,0.05513355615674235,28.586786909562708,5649.961469746624,1963.6277825517793,198.394,2.999251241302345,24.4089602577349,338689.0025697469
198,100,10,0.6060606060605949,198.5370576727052,1.4109455877509345,-638.6847805817457,171283.65200197845,48378.69106450751,0.04521516543144538,0.048841287437137386,19.042872907525386,3766.825400356888,1677.2686286417645,198.394,3.163931201846407,28.84373453266344,340270.2098069737
198,200,3,0.30150753768845107,198.58804801448778,1.1373623851636723,-339.6024015309899,90580.75006079664,17342.191184108982,0.06499038033632214,0.09409655775493335,114.6114854561139,22381.111835678108,2484.156272578297,198.394,2.98579595139446,6.9811192538662565,143694.27662863478
198,200,4,0.30150753768845107,198.6061472410497,1.242113899284235,-393.71547192821026,100813.68723070795,20285.702012178943,0.03746161238557375,0.04898321948275621,34.25787766411344,6718.3200728728525,1072.7103760512553,198.394,5.663056861145757,18.91069804587186,155411.29313896515
198,200,5,0.30150753768845107,198.5939716943865,1.2860533266651066,-378.8161131363632,97696.54191537507,21354.19657845968,0.036823115059839956,0.04460663592682529,23.414640238621693,4608.03859947313,890.8390169485953,198.394,5.4306023284976925,23.97088157589296,159451.71247570676
198,200,8,0.30150753768845107,198.5492814997906,1.3884643528474412,-327.87053014554164,87268.0371781604,23694.6862425376,0.03833642643342701,0.042364901392457556,11.379180968332006,2248.7713672621508,755.1967887191046,198.394,4.0504949009851865,31.375512444546207,167962.78934737697
198,200,10,0.30150753768845107,198.54051214069327,1.4077919428955057,-319.2228434446574,85498.22191711888,24121.921414138535,0.03673327683372417,0.0396362900257261,7.621268073997357,1507.5915466737442,678.8016302317591,198.394,3.9885399104593584,35.53603930783539,169470.28135863194
198,400,3,0.15037593984962427,198.6175702682236,1.2028511427302158,-206.16984180750933,52324.08961712131,9548.267535569328,0.08301415099967469,0.12070202551038375,71.94312909288566,14034.230992304681,1708.6064455327512,198.394,2.6931585221473004,5.588336366477966,75298.99386915506
198,400,4,0.15037593984962427,198.59929219432152,1.2477110873003419,-191.52595973094208,49326.88988681937,10114.285697910438,0.049580985877674524,0.06555269356424281,23.341376167130367,4575.264167139256,725.5248319936221,198.394,4.140542804614842,13.94064717277568,77498.72068333044
198,400,5,0.15037593984962427,198.59804088667534,1.2967479195912543,-192.7750112591733,49480.36210809745,10739.163700816316,0.04227430176124332,0.05112410310928006,13.084149924101055,2575.074847151368,508.0742002582873,198.394,4.826593892140695,21.13699868121014,79856.85420182695
198,400,8,0.15037593984962427,198.5484505607449,1.390169289844872,-163.60764997286765,43544.69183753217,11815.43585291751,0.03964939658702228,0.04378355071943351,5.795916768690858,1145.4363764057691,388.1939259955296,198.394,3.8954075985974694,30.436941594633748,83762.93606174935
198,400,10,0.15037593984962427,198.53824258753,1.4099212175997184,-158.42219874400521,42487.76930082845,12035.46837822643,0.04014188647099697,0.043359085159264926,4.208657771081413,832.5034487047421,370.654243848982,198.394,3.5933186058459072,32.470877044996456,84539.27624340741
438,50,3,1.2244897959183731,439.4503372364619,1.2430182505064185,-7.0511864447433e-21,13795.348980301023,5721.322184788304,inf,inf,inf,inf,inf,438.634,0.0,0.0,62569.00240307601
438,50,4,1.2244897959183731,439.41828932121757,1.3666540653780215,-4.3471153301887985e-15,13621.204668519775,6786.807514775107,0.2058400443640732,0.30928558072193224,80.22445545476509,34872.529177878016,2650.393771997563,438.634,3.8101882636129316,2.5606789400429317,68146.57293268763
438,50,5,1.2244897959183731,439.48009277584316,1.518397408342213,-34.423876593655386,28539.383247258516,8222.360240346565,0.10364633810184899,0.14240870431950503,21.99406761063625,9562.766800574493,1071.9810145976091,438.634,8.163267427853805,7.670248006615119,75008.37225416844
438,50,8,1.2244897959183731,439.4997690865162,1.562327450245342,-41.01291708475613,31397.932555948224,8546.333811317361,0.07600228988190497,0.08766468031434327,7.271254551919377,3173.217799272956,531.0732837641111,438.634,11.391355284971779,16.092569655816877,76471.8233110757
438,50,10,1.2244897959183731,439.5156751150147,1.6098258619845205,-46.16633822855532,33622.773057875704,8902.545950040982,0.0672964612223001,0.0739731837406866,4.117770675176807,1799.4883849956566,421.1494506198341,438.634,13.101359254274001,21.138685891524975,78049.23689835523
438,100,3,0.6060606060606233,439.7107113580371,1.5245402296155282,-81.54999999999941,42328.70681663479,4837.5643580923,1.0044908015245047,1.254749651282171,470.24700423922656,204683.80599817232,11959.518918857279,438.634,1.0718976783092093,0.4044948957323548,40476.58381843131
438,100,4,0.6060606060606233,439.4939874428222,1.422632503405795,-11.917950360891982,11919.547518572854,3746.2969811858857,0.18380266178382565,0.2703357116149974,44.99107861618042,19558.16777565189,1415.017017750392,438.634,4.678862832974692,2.647527863051277,35619.7346775661
438,100,5,0.6060606060606233,439.5544931691375,1.5374381983599872,-29.597379967772472,19595.067398406096,4381.799996757761,0.08410789351343939,0.12059935322722108,11.450642181077853,4975.021917150134,524.9995584958579,438.634,10.944194779892063,8.346292727010612,38522.65944319344
438,100,8,0.6060606060606233,439.51816588567027,1.5005966750008402,-20.673570892870266,15709.275230160467,4140.754441136556,0.07300797321576777,0.08298656089385234,3.406339452011824,1487.1996380871328,248.09869833153272,438.634,12.110538708658472,16.68994827051971,37448.08065710589
438,100,10,0.6060606060606233,439.5340032920859,1.5352496901646817,-23.57777645410812,16969.787569871605,4274.661310946043,0.06904172543930402,0.07591289310993089,2.3148414827237342,1011.5875632922155,217.56406833958783,438.634,13.035643103634621,19.64782761955839,38048.77944322156
438,200,3,0.30150753768845107,439.47432304854544,1.2691622644272844,-1.0375310020548163,3843.8123874181388,1487.3427141642437,0.5146117172589769,0.7134435284013324,103.27169097809029,44971.77347614262,2126.075805914811,438.634,1.6329263799536426,0.6995718167839587,15829.97709749169
438,200,4,0.30150753768845107,439.53903963114027,1.5346496478207976,-13.6461182328472,9279.263186428821,2167.5062517220217,0.20927851889922489,0.302524463450109,24.488836030714804,10639.78399430347,869.1576608999579,438.634,4.3245701274102775,2.4938010089880653,19109.837282615925
438,200,5,0.30150753768845107,439.5431966549334,1.5508717807940873,-14.277815381933719,9551.161361869983,2209.7686742349774,0.10693316903061535,0.154917998071316,7.892180804197336,3428.2732898502686,352.21260772170905,438.634,8.502475547817065,6.273962447082429,19295.24530468316
438,200,8,0.30150753768845107,439.50353999619017,1.4987973955292222,-9.763050186936947,7587.295588975607,2065.5771102575254,0.0777599658893943,0.08883988506586239,1.8854028473300473,823.0641728580645,133.63853900932617,438.634,11.18236082339579,15.456447859800203,18655.08654068553
438,200,10,0.30150753768845107,439.5267893182182,1.5513270873545713,-11.860262071219879,8496.621700582255,2169.2252004275365,0.07547368265242688,0.08296203723012341,1.2440380994998639,543.6525647121855,119.36722569032898,438.634,11.829147417248736,18.172703502845046,19117.40934992547
438,400,3,0.15037593984959585,439.48555151056206,1.2438142085606858,-1.606846678995765e-14,1695.936264956773,712.2295881435651,0.522219739665463,0.7438610244737623,50.96159955505567,22192.987095126886,1044.3397881877838,438.634,1.630638303920789,0.6819902834301458,7735.953688478364
438,400,4,0.15037593984959585,439.5385653974282,1.5432710331089623,-7.5264119348028915,4939.885185173805,1107.3242018115898,0.26512061223365335,0.37968249038562624,16.26395517390055,7066.502829362353,569.6190790612678,438.634,3.4119014353776396,1.9439731612158426,9645.977085118602
438,400,5,0.15037593984959585,439.53812443021667,1.5447236734186254,-7.140120186063112,4771.634426670856,1101.2531064159891,0.13018472032369352,0.1874151919461315,4.630756731762212,2011.7631272768426,208.86296425191972,438.634,6.944935073552597,5.272610730008191,9619.495176081366
438,400,8,0.15037593984959585,439.50555780711755,1.4973137847566536,-5.160713897177022,3911.443043291668,1033.331532024295,0.09122351440964518,0.10402905287973697,1.094916223882253,478.0043162357191,78.15179685889909,438.634,9.55409153832588,13.222108429444644,9318.111369197364
438,400,10,0.15037593984959585,439.52080566237515,1.5347671241404428,-5.854119680104214,4211.841980171397,1069.760089909474,0.08843562319021188,0.09721490564699822,0.7417087026231569,324.13452926343956,69.72473593910284,438.634,10.027697328120269,15.34261945206642,9480.941525026936
596,50,3,1.2244897959183163,596.904204809553,2.1698372497605343,-61.39999999999998,43788.61286764465,13100.880683990305,inf,inf,inf,inf,inf,595.847,0.0,0.0,71565.6908535994
596,50,4,1.2244897959183163,596.8001083735664,1.8585998311009686,-15.292845095739487,16768.699697972876,8950.296918807717,0.09564640821285483,0.14384177205112397,22.733610676959874,13439.037676764117,1290.8663699753613,595.847,9.964915477488551,6.933558056035305,59152.446942801675
596,50,5,1.2244897959183163,596.8492235546553,1.8448317077403402,-27.457273147704818,24028.198044303863,8912.201099931064,0.054537488583285484,0.0748755777555267,8.024084780069758,4754.814735321284,522.3788378443276,595.847,18.376782295810756,17.060800427346102,59026.4263374007
596,50,8,1.2244897959183163,596.800640124882,1.820112126192607,-17.216704311687387,17939.040253914893,8707.010270291134,0.04188610551993698,0.048731702320601436,3.1256460998355284,1859.143692493941,264.97339520512924,595.847,22.767457443091033,32.85994151809316,58342.965225081134
596,50,10,1.2244897959183163,596.784717808697,1.8011010560081333,-13.86494533743223,15953.738277797042,8565.398723730743,0.05030363412289734,0.05558756991989784,2.464047941472894,1467.0532393416995,276.0640975882204,595.847,18.641154362845196,31.026847745000747,57866.57019043859
596,100,3,0.6060606060606233,597.0840565798226,1.5648099964669713,-31.049979824192366,22451.397494416244,3394.7811558510125,1.5183139406644988,1.8539910872778862,388.727467933976,230326.99973424902,10995.759365749069,595.847,0.8147567816450316,0.30873549001313094,25629.322700359353
596,100,4,0.6060606060606233,597.0208040797785,1.928888046890929,-31.049999999086285,22223.235973385108,5169.042373598632,0.3747135502493775,0.5332675617257547,58.135962324982216,34361.40849507204,3086.1397606660857,595.847,3.1325370512951074,1.6749216738269141,31625.51660025325
596,100,5,0.6060606060606233,596.9794522604976,1.9094342497255576,-23.367776859356585,17666.732455551195,4962.161224699216,0.1468852347231497,0.2095056065625811,13.64329254461881,8072.848129211399,877.3497344868064,595.847,7.709776020932924,5.655853110392475,30986.166164153445
596,100,8,0.6060606060606233,596.862920547147,1.771333573747981,-8.251729217796365,8717.444027910875,4316.337135081028,0.08925432556921781,0.10270317774181881,3.28901743849066,1956.5402323633064,279.35826250662456,595.847,11.382311620955589,15.450901993559873,28899.457691929492
596,100,10,0.6060606060606233,596.8549393844118,1.7442466955307074,-7.075404637085591,8026.170902364776,4216.011577505173,0.08303891847621885,0.09194849321445231,2.232853022095548,1329.237321063676,232.78374474770985,595.847,12.138156456125206,18.111279986815532,28561.621348513076
596,200,3,0.3015075376883942,597.0008638351244,1.9296289687293011,-20.599999999999994,14111.653028500521,2681.1783440898366,0.7635966183908401,1.013929426068123,84.8670853861103,50172.15659978218,3821.3429507536675,595.847,1.5110908133092553,0.7016324833030333,16065.068114458234
596,200,4,0.3015075376883942,596.8560338665734,1.861895290099827,-7.084256105071889,6091.258785986421,2349.780290412771,0.16595415497494745,0.24687124624291762,11.0758823394157,6548.324860924163,604.6023390472483,595.847,6.080196465859758,3.8864889178490944,15039.460860494248
596,200,5,0.3015075376883942,596.8793730979164,1.850577643893717,-8.30647768207133,6824.389467474333,2320.312405825212,0.10106029266136095,0.14412595682982807,4.704448100972623,2784.901397724647,287.59395411051696,595.847,10.215417655436376,8.068015243928109,14944.857972544987
596,200,8,0.3015075376883942,596.8143498380426,1.772435771027328,-4.205132786494528,4396.958684962863,2143.4490424750284,0.07296112413555274,0.08433510993429566,1.381087143505851,821.5691547139791,114.69973180238041,595.847,13.258428368584818,18.687480858002708,14363.976561108773
596,200,10,0.3015075376883942,596.8012813236616,1.751345964573175,-3.4293999265713113,3938.2332067468597,2104.2733830088923,0.07082106998945338,0.0783144291223954,0.9289759786323207,553.0787489612203,98.34992580847656,595.847,13.474539763430382,21.39578007518466,14232.10373267801
596,400,3,0.15037593984959585,597.036131018801,1.8527582975466093,-9.499999489388816,6592.89902921883,1213.9408239889804,0.5804271755081775,0.7582793953158953,31.86974741447552,18850.815350084024,1321.847856063116,595.847,2.048716994961405,0.9183665263901722,7633.944704565067
596,400,4,0.15037593984959585,596.8475327475709,1.7052191544375477,-1.817835192457405,2036.4074622027051,991.251088346795,0.1529156933250722,0.2239086317023805,5.142922298928464,3043.366477490306,240.4259915369641,595.847,6.543035092179466,4.122894875092554,6898.253741848781
596,400,5,0.15037593984959585,596.9204001138729,1.8115959785702154,-4.7677210419385565,3779.6206029206996,1127.832883110361,0.10140042709774114,0.14292538876445987,2.335484753673669,1382.9048807265342,138.50986720655533,595.847,10.585755352275505,8.142617604480554,7358.19745660852
596,400,8,0.15037593984959585,596.8286024441609,1.7662900449588865,-1.9375542656202331,2097.386060942827,1070.610451810392,0.07476813004477748,0.08624910671655242,0.7031571400211968,418.2938866631426,58.59910600668942,595.847,13.128621025736932,18.27008165769928,7169.091661766391
596,400,10,0.15037593984959585,596.8220080051364,1.7378187702404682,-1.7083747827330775,1963.4133050193352,1044.5839327054134,0.07256471611093794,0.08028781169259208,0.485530343043194,289.0567347806864,50.484462494585564,595.847,13.436392469940461,20.691196480846845,7081.4116323644685
1107,50,3,1.2244897959183163,1109.0537173246025,9.999999999999998,-3.784391033545461e-11,12.071503119693743,53748.69025367812,inf,inf,inf,inf,inf,1107.016,0.0,0.0,73490.28904461257
1107,50,4,1.2244897959183163,1108.725396455291,1.8748433503984478,-19.599999999999998,23626.406035613294,1250.2184743713965,2.6871479498800297,3.5245151630314075,126.67587515457281,139711.48996043502,5748.559746980532,1107.016,0.6361378261168272,0.2174837749626038,11207.836430826352
1107,50,5,1.2244897959183163,1108.3852060938755,1.4119771432896773,-1.1697682570751484e-12,2011.3426827825017,514.847581218422,0.7271440106731005,0.9532696125322863,9.969909267557846,11010.161444898644,451.84862408948493,1107.016,1.882991640965245,1.1394249174840037,7192.038266852714
1107,50,8,1.2244897959183163,1108.5453268612644,1.4282294259501482,-4.349861550713246,6828.966076578114,537.9176623890082,0.5024885664628643,0.5702733488611258,3.4367411824203065,3799.6810307165174,231.89323992296627,1107.016,3.0435057896532323,2.3196780663709804,7351.427652564125
1107,50,10,1.2244897959183163,1108.587994450781,1.5848527476943441,-5.109137724907244,7659.394912568513,628.3461240115007,0.4181891990909332,0.4592978067129374,1.8518854504435822,2048.083133415326,187.09588557436044,1107.016,3.7590508176638155,3.3584176481623764,7945.386786959402
1107,100,3,0.6060606060605096,1108.3911953586905,9.999999999859112,-0.6342376781271911,5.4541431209675895e-05,44474.7667837475,237.3818317975779,849.3206812365785,4191.439829710607,4347190.604896157,11433074.489358697,1107.016,0.005793178645041081,0.003890009360574207,47031.111316140225
1107,100,4,0.6060606060605096,1108.645788014068,1.8500072625839652,-8.949999999999998,10869.01963933207,580.864963734409,2.272403638198252,2.947072111434368,53.68877155767395,59218.61862091842,2307.6046303732905,1107.016,0.7172088561520944,0.2517177145898018,5374.365566517837
1107,100,5,0.6060606060605096,1108.2532919223563,1.6367161257758787,-0.2526877514286504,1263.5561077156306,356.23053792180286,0.6257467196604745,0.8727465690254164,5.649730894059272,6233.856914306494,285.5754820487084,1107.016,1.9773046881133955,1.2474128919129106,4208.591809287527
1107,100,8,0.6060606060605096,1108.429411967239,1.5046502771222332,-2.445465209863114,3700.9750078821285,303.14303564620815,0.4130799985128566,0.46838302269673276,1.3970195656433733,1544.6143735166372,101.99131856879202,1107.016,3.421642229900853,2.972243519351517,3882.3097283640036
1107,100,10,0.6060606060605096,1108.3944452475077,1.5235821672991148,-1.9858016240998193,3190.408994835028,310.8013962475529,0.3775864744542619,0.41397872595249857,0.9266959172954451,1024.9941712461848,86.57812899182213,1107.016,3.6506743243385045,3.5898372933990075,3931.0508859784745
1107,200,3,0.3015075376883942,1108.344139421536,9.999999903789515,-0.25658334583919873,58.46470523979313,18935.80229998425,206.0329924417574,756.4694213468655,1544.5707862746804,1600190.1173862536,4323638.355465383,1107.016,0.0064462463307250455,0.004379599018971617,21645.235495678968
1107,200,4,0.3015075376883942,1108.501182482898,1.7749725266983618,-2.6499999999999995,3413.011033386056,259.4934947260131,1.4344764051490324,1.9465558399279075,14.89896633293634,16432.770274281553,638.4158723328242,1107.016,1.03534814345282,0.40646466664088804,2533.3830244847522
1107,200,5,0.3015075376883942,1108.4037305880222,1.8039719850819294,-0.8271297497637534,1399.7699359216715,222.5558929034089,0.8005501174767575,1.146058739611035,4.602573965831959,5075.222012127425,247.7815852680566,1107.016,1.7334712190113608,0.8981938373775521,2346.069611891633
1107,200,8,0.3015075376883942,1108.542980166274,1.3986177277633818,-1.133785472653541,1750.537610083098,139.5482491937771,0.4519582710482552,0.5104951678061003,0.8175499609852129,903.9423802777437,54.59085110626538,1107.016,3.378586617592581,2.5562570717597985,1857.6255093975851
1107,200,10,0.3015075376883942,1108.5264862181712,1.4315444577513508,-1.056271412880984,1663.8831459571009,144.85134974702112,0.4155050534492757,0.4526367096997881,0.5143327602997785,568.903408606753,46.39048749990955,1107.016,3.6353016783596823,3.122436463882893,1892.6011884382092
1107,400,3,0.15037593984970954,1108.9405143444133,9.999999999466876,-0.04268886376550274,1.3294268497504244e-05,7859.536032391597,248.28418284000517,650.6889834095534,779.4530200662522,822700.9355713042,1571146.1497302642,1107.016,0.007751256332157669,0.005002421979483531,9848.24945639217
1107,400,4,0.15037593984970954,1108.6645811861267,1.6754890380210619,-1.849999799218141,2288.9154963180777,120.05455589078166,1.2524437264898787,1.7316389941594337,7.439332553592755,8208.024980525315,284.4068447698933,1107.016,1.3162916235342499,0.42212259690133297,1216.6997617273369
1107,400,5,0.15037593984970954,1108.3927996352465,1.694621107042096,-0.35072221682630567,631.0361386784242,100.27443117769253,0.6236666437587999,0.8907155906082487,1.6957835490569482,1870.5201738921187,86.02178214851529,1107.016,2.207589020552046,1.1656865118717288,1111.8624363261904
1107,400,8,0.15037593984970954,1108.5305756444366,1.4172220278336973,-0.668550123088081,987.091806554199,72.22124037989863,0.4052622515643028,0.45790761263113555,0.36772123665114553,406.5774447408336,25.031617319896217,1107.016,3.7372729352172924,2.8852007226274607,943.5227686496842
1107,400,10,0.15037593984970954,1108.4805984080494,1.465322650896079,-0.5057674464286058,806.0927087686129,76.28821660709782,0.40182273234162685,0.43912954302784385,0.2568290396785507,284.0729173184389,23.291472590737687,1107.016,3.6448868870967157,3.275371117472209,969.7374594319118
